-- phpMyAdmin SQL Dump
-- version 4.7.7
-- https://www.phpmyadmin.net/
--
-- Хост: 127.0.0.1:3306
-- Время создания: Июл 23 2020 г., 20:44
-- Версия сервера: 5.6.38
-- Версия PHP: 5.5.38

SET SQL_MODE = "NO_AUTO_VALUE_ON_ZERO";
SET AUTOCOMMIT = 0;
START TRANSACTION;
SET time_zone = "+00:00";


/*!40101 SET @OLD_CHARACTER_SET_CLIENT=@@CHARACTER_SET_CLIENT */;
/*!40101 SET @OLD_CHARACTER_SET_RESULTS=@@CHARACTER_SET_RESULTS */;
/*!40101 SET @OLD_COLLATION_CONNECTION=@@COLLATION_CONNECTION */;
/*!40101 SET NAMES utf8mb4 */;

--
-- База данных: `worksheet_db`
--

-- --------------------------------------------------------

--
-- Структура таблицы `auth_group`
--

CREATE TABLE `auth_group` (
  `id` int(11) NOT NULL,
  `name` varchar(150) NOT NULL
) ENGINE=InnoDB DEFAULT CHARSET=utf8;

-- --------------------------------------------------------

--
-- Структура таблицы `auth_group_permissions`
--

CREATE TABLE `auth_group_permissions` (
  `id` int(11) NOT NULL,
  `group_id` int(11) NOT NULL,
  `permission_id` int(11) NOT NULL
) ENGINE=InnoDB DEFAULT CHARSET=utf8;

-- --------------------------------------------------------

--
-- Структура таблицы `auth_permission`
--

CREATE TABLE `auth_permission` (
  `id` int(11) NOT NULL,
  `name` varchar(255) NOT NULL,
  `content_type_id` int(11) NOT NULL,
  `codename` varchar(100) NOT NULL
) ENGINE=InnoDB DEFAULT CHARSET=utf8;

--
-- Дамп данных таблицы `auth_permission`
--

INSERT INTO `auth_permission` (`id`, `name`, `content_type_id`, `codename`) VALUES
(1, 'Can add log entry', 1, 'add_logentry'),
(2, 'Can change log entry', 1, 'change_logentry'),
(3, 'Can delete log entry', 1, 'delete_logentry'),
(4, 'Can view log entry', 1, 'view_logentry'),
(5, 'Can add permission', 2, 'add_permission'),
(6, 'Can change permission', 2, 'change_permission'),
(7, 'Can delete permission', 2, 'delete_permission'),
(8, 'Can view permission', 2, 'view_permission'),
(9, 'Can add group', 3, 'add_group'),
(10, 'Can change group', 3, 'change_group'),
(11, 'Can delete group', 3, 'delete_group'),
(12, 'Can view group', 3, 'view_group'),
(13, 'Can add user', 4, 'add_user'),
(14, 'Can change user', 4, 'change_user'),
(15, 'Can delete user', 4, 'delete_user'),
(16, 'Can view user', 4, 'view_user'),
(17, 'Can add content type', 5, 'add_contenttype'),
(18, 'Can change content type', 5, 'change_contenttype'),
(19, 'Can delete content type', 5, 'delete_contenttype'),
(20, 'Can view content type', 5, 'view_contenttype'),
(21, 'Can add session', 6, 'add_session'),
(22, 'Can change session', 6, 'change_session'),
(23, 'Can delete session', 6, 'delete_session'),
(24, 'Can view session', 6, 'view_session'),
(25, 'Can add Район', 7, 'add_district'),
(26, 'Can change Район', 7, 'change_district'),
(27, 'Can delete Район', 7, 'delete_district'),
(28, 'Can view Район', 7, 'view_district'),
(29, 'Can add Регион', 8, 'add_region'),
(30, 'Can change Регион', 8, 'change_region'),
(31, 'Can delete Регион', 8, 'delete_region'),
(32, 'Can view Регион', 8, 'view_region'),
(33, 'Can add Статус', 9, 'add_status'),
(34, 'Can change Статус', 9, 'change_status'),
(35, 'Can delete Статус', 9, 'delete_status'),
(36, 'Can view Статус', 9, 'view_status'),
(37, 'Can add Анкета', 10, 'add_worksheet'),
(38, 'Can change Анкета', 10, 'change_worksheet'),
(39, 'Can delete Анкета', 10, 'delete_worksheet'),
(40, 'Can view Анкета', 10, 'view_worksheet');

-- --------------------------------------------------------

--
-- Структура таблицы `auth_user`
--

CREATE TABLE `auth_user` (
  `id` int(11) NOT NULL,
  `password` varchar(128) NOT NULL,
  `last_login` datetime(6) DEFAULT NULL,
  `is_superuser` tinyint(1) NOT NULL,
  `username` varchar(150) NOT NULL,
  `first_name` varchar(30) NOT NULL,
  `last_name` varchar(150) NOT NULL,
  `email` varchar(254) NOT NULL,
  `is_staff` tinyint(1) NOT NULL,
  `is_active` tinyint(1) NOT NULL,
  `date_joined` datetime(6) NOT NULL
) ENGINE=InnoDB DEFAULT CHARSET=utf8;

--
-- Дамп данных таблицы `auth_user`
--

INSERT INTO `auth_user` (`id`, `password`, `last_login`, `is_superuser`, `username`, `first_name`, `last_name`, `email`, `is_staff`, `is_active`, `date_joined`) VALUES
(1, 'pbkdf2_sha256$180000$ykygCYxZIY5X$RHVIcfU6Kb7gr4OBXXwten4RvvePH9sgY1fIfoEzH+0=', '2020-07-23 14:55:50.631138', 1, 'admin', '', '', '', 1, 1, '2020-07-23 14:54:23.471139');

-- --------------------------------------------------------

--
-- Структура таблицы `auth_user_groups`
--

CREATE TABLE `auth_user_groups` (
  `id` int(11) NOT NULL,
  `user_id` int(11) NOT NULL,
  `group_id` int(11) NOT NULL
) ENGINE=InnoDB DEFAULT CHARSET=utf8;

-- --------------------------------------------------------

--
-- Структура таблицы `auth_user_user_permissions`
--

CREATE TABLE `auth_user_user_permissions` (
  `id` int(11) NOT NULL,
  `user_id` int(11) NOT NULL,
  `permission_id` int(11) NOT NULL
) ENGINE=InnoDB DEFAULT CHARSET=utf8;

-- --------------------------------------------------------

--
-- Структура таблицы `django_admin_log`
--

CREATE TABLE `django_admin_log` (
  `id` int(11) NOT NULL,
  `action_time` datetime(6) NOT NULL,
  `object_id` longtext,
  `object_repr` varchar(200) NOT NULL,
  `action_flag` smallint(5) UNSIGNED NOT NULL,
  `change_message` longtext NOT NULL,
  `content_type_id` int(11) DEFAULT NULL,
  `user_id` int(11) NOT NULL
) ENGINE=InnoDB DEFAULT CHARSET=utf8;

--
-- Дамп данных таблицы `django_admin_log`
--

INSERT INTO `django_admin_log` (`id`, `action_time`, `object_id`, `object_repr`, `action_flag`, `change_message`, `content_type_id`, `user_id`) VALUES
(1, '2020-07-23 14:56:43.732138', '1', 'Андижон вилояти', 1, '[{\"added\": {}}]', 8, 1),
(2, '2020-07-23 14:56:56.321140', '2', 'Бухоро вилояти', 1, '[{\"added\": {}}]', 8, 1),
(3, '2020-07-23 14:57:07.164138', '3', 'Жиззах вилояти', 1, '[{\"added\": {}}]', 8, 1),
(4, '2020-07-23 14:57:16.702141', '4', 'Қашқадарё вилояти', 1, '[{\"added\": {}}]', 8, 1),
(5, '2020-07-23 14:57:30.320138', '5', 'Навоий вилояти', 1, '[{\"added\": {}}]', 8, 1),
(6, '2020-07-23 14:57:38.371141', '6', 'Наманган вилояти', 1, '[{\"added\": {}}]', 8, 1),
(7, '2020-07-23 14:57:46.989140', '7', 'Самарқанд вилояти', 1, '[{\"added\": {}}]', 8, 1),
(8, '2020-07-23 14:57:55.956143', '8', 'Сурхондарё вилояти', 1, '[{\"added\": {}}]', 8, 1),
(9, '2020-07-23 14:58:04.497138', '9', 'Сирдарё вилояти', 1, '[{\"added\": {}}]', 8, 1),
(10, '2020-07-23 14:58:14.794140', '10', 'Тошкент шаҳри', 1, '[{\"added\": {}}]', 8, 1),
(11, '2020-07-23 14:58:25.537144', '11', 'Тошкент вилояти', 1, '[{\"added\": {}}]', 8, 1),
(12, '2020-07-23 14:58:34.816137', '12', 'Фарғона вилояти', 1, '[{\"added\": {}}]', 8, 1),
(13, '2020-07-23 14:58:47.423139', '13', 'Хоразм вилояти', 1, '[{\"added\": {}}]', 8, 1),
(14, '2020-07-23 14:58:54.369144', '14', 'Қорақалпоғистон Республикаси', 1, '[{\"added\": {}}]', 8, 1),
(15, '2020-07-23 15:02:34.106138', '1', 'Шайхантахурский район', 1, '[{\"added\": {}}]', 7, 1),
(16, '2020-07-23 15:02:46.741144', '2', 'Яккасарайский район', 1, '[{\"added\": {}}]', 7, 1),
(17, '2020-07-23 16:35:23.541171', '3', 'г. Ханабад', 1, '[{\"added\": {}}]', 7, 1),
(18, '2020-07-23 16:35:41.569177', '4', 'г. Андижан', 1, '[{\"added\": {}}]', 7, 1),
(19, '2020-07-23 16:35:52.901171', '5', 'Андижанский район', 1, '[{\"added\": {}}]', 7, 1),
(20, '2020-07-23 16:36:16.099174', '6', 'Бозский район', 1, '[{\"added\": {}}]', 7, 1),
(21, '2020-07-23 16:36:35.297173', '7', 'Балыкчинский район', 1, '[{\"added\": {}}]', 7, 1),
(22, '2020-07-23 16:36:46.014173', '8', 'Бустонский район', 1, '[{\"added\": {}}]', 7, 1),
(23, '2020-07-23 16:36:59.835171', '9', 'Булакбашинский район', 1, '[{\"added\": {}}]', 7, 1),
(24, '2020-07-23 16:37:11.520173', '10', 'Джалалкудукский район', 1, '[{\"added\": {}}]', 7, 1),
(25, '2020-07-23 16:37:22.718179', '11', 'Избасканский район', 1, '[{\"added\": {}}]', 7, 1),
(26, '2020-07-23 16:37:31.609175', '12', 'Улугноpский район', 1, '[{\"added\": {}}]', 7, 1),
(27, '2020-07-23 16:37:44.894172', '13', 'Кургантепинский район', 1, '[{\"added\": {}}]', 7, 1),
(28, '2020-07-23 16:37:57.140175', '14', 'Асакинский район', 1, '[{\"added\": {}}]', 7, 1),
(29, '2020-07-23 16:38:06.637178', '15', 'Мархаматский район', 1, '[{\"added\": {}}]', 7, 1),
(30, '2020-07-23 16:38:15.283172', '16', 'Алтынкульский район', 1, '[{\"added\": {}}]', 7, 1),
(31, '2020-07-23 16:38:25.415175', '17', 'Шахриханский район', 1, '[{\"added\": {}}]', 7, 1),
(32, '2020-07-23 16:38:36.795171', '18', 'Пахтаабадский район', 1, '[{\"added\": {}}]', 7, 1),
(33, '2020-07-23 16:38:48.385172', '19', 'Ходжаабадский район', 1, '[{\"added\": {}}]', 7, 1),
(34, '2020-07-23 16:39:32.996174', '20', 'г. Бухара', 1, '[{\"added\": {}}]', 7, 1),
(35, '2020-07-23 16:39:43.463173', '21', 'г. Каган', 1, '[{\"added\": {}}]', 7, 1),
(36, '2020-07-23 16:39:56.779172', '22', 'Алатский район', 1, '[{\"added\": {}}]', 7, 1),
(37, '2020-07-23 16:40:05.483173', '23', 'Бухарский район', 1, '[{\"added\": {}}]', 7, 1),
(38, '2020-07-23 16:40:14.267176', '24', 'Вабкентский район', 1, '[{\"added\": {}}]', 7, 1),
(39, '2020-07-23 16:40:23.609172', '25', 'Гиждуванский район', 1, '[{\"added\": {}}]', 7, 1),
(40, '2020-07-23 16:40:35.009175', '26', 'Каганский район', 1, '[{\"added\": {}}]', 7, 1),
(41, '2020-07-23 16:40:44.692172', '27', 'Каракульский район', 1, '[{\"added\": {}}]', 7, 1),
(42, '2020-07-23 16:40:55.438173', '28', 'Караулбазарский район', 1, '[{\"added\": {}}]', 7, 1),
(43, '2020-07-23 16:41:03.223173', '29', 'Пешкунский район', 1, '[{\"added\": {}}]', 7, 1),
(44, '2020-07-23 16:41:11.211171', '30', 'Ромитанский район', 1, '[{\"added\": {}}]', 7, 1),
(45, '2020-07-23 16:41:19.443171', '31', 'Жондоpский район', 1, '[{\"added\": {}}]', 7, 1),
(46, '2020-07-23 16:41:27.752176', '32', 'Шафирканский район', 1, '[{\"added\": {}}]', 7, 1),
(47, '2020-07-23 16:41:41.267178', '33', 'г. Джизак', 1, '[{\"added\": {}}]', 7, 1),
(48, '2020-07-23 16:41:49.761173', '34', 'Арнасайский район', 1, '[{\"added\": {}}]', 7, 1),
(49, '2020-07-23 16:41:57.755178', '35', 'Бахмальский район', 1, '[{\"added\": {}}]', 7, 1),
(50, '2020-07-23 16:42:05.735172', '36', 'Галляаральский район', 1, '[{\"added\": {}}]', 7, 1),
(51, '2020-07-23 16:42:19.920173', '37', 'Шароф Рашидовский район', 1, '[{\"added\": {}}]', 7, 1),
(52, '2020-07-23 16:42:30.934171', '38', 'Дустликский район', 1, '[{\"added\": {}}]', 7, 1),
(53, '2020-07-23 16:42:57.382176', '39', 'Зааминский район', 1, '[{\"added\": {}}]', 7, 1),
(54, '2020-07-23 16:43:08.873171', '40', 'Зарбдарский район', 1, '[{\"added\": {}}]', 7, 1),
(55, '2020-07-23 16:43:20.175177', '41', 'Зафарабадский район', 1, '[{\"added\": {}}]', 7, 1),
(56, '2020-07-23 16:43:29.858172', '42', 'Мирзачульский район', 1, '[{\"added\": {}}]', 7, 1),
(57, '2020-07-23 16:43:39.078171', '43', 'Пахтакорский район', 1, '[{\"added\": {}}]', 7, 1),
(58, '2020-07-23 16:43:49.264179', '44', 'Фаришский район', 1, '[{\"added\": {}}]', 7, 1),
(59, '2020-07-23 16:43:56.164174', '45', 'Янгиободский район', 1, '[{\"added\": {}}]', 7, 1),
(60, '2020-07-23 16:45:24.480173', '46', 'г. Карши', 1, '[{\"added\": {}}]', 7, 1),
(61, '2020-07-23 16:45:38.258173', '47', 'Каршинский район', 1, '[{\"added\": {}}]', 7, 1),
(62, '2020-07-23 16:45:46.515177', '48', 'Миришкорский район', 1, '[{\"added\": {}}]', 7, 1),
(63, '2020-07-23 16:45:54.445173', '49', 'Гузарский район', 1, '[{\"added\": {}}]', 7, 1),
(64, '2020-07-23 16:46:02.522173', '50', 'Дехканабадский район', 1, '[{\"added\": {}}]', 7, 1),
(65, '2020-07-23 16:46:12.764172', '51', 'Камашинский район', 1, '[{\"added\": {}}]', 7, 1),
(66, '2020-07-23 16:46:20.732171', '52', 'Касанский район', 1, '[{\"added\": {}}]', 7, 1),
(67, '2020-07-23 16:46:28.777175', '53', 'Китабский район', 1, '[{\"added\": {}}]', 7, 1),
(68, '2020-07-23 16:46:37.113172', '54', 'Мубарекский район', 1, '[{\"added\": {}}]', 7, 1),
(69, '2020-07-23 16:46:44.312177', '55', 'Нишанский район', 1, '[{\"added\": {}}]', 7, 1),
(70, '2020-07-23 16:46:52.236173', '56', 'Касбинский район', 1, '[{\"added\": {}}]', 7, 1),
(71, '2020-07-23 16:47:02.922171', '57', 'Чиракчинский район', 1, '[{\"added\": {}}]', 7, 1),
(72, '2020-07-23 16:47:13.106173', '58', 'Шахрисабзский район', 1, '[{\"added\": {}}]', 7, 1),
(73, '2020-07-23 16:47:21.846178', '59', 'Яккабагский район', 1, '[{\"added\": {}}]', 7, 1),
(74, '2020-07-23 16:47:37.997174', '60', 'г. Заpафшан', 1, '[{\"added\": {}}]', 7, 1),
(75, '2020-07-23 16:47:45.657177', '61', 'Кызылтепинский район', 1, '[{\"added\": {}}]', 7, 1),
(76, '2020-07-23 16:47:53.319173', '62', 'Навбахорский район', 1, '[{\"added\": {}}]', 7, 1),
(77, '2020-07-23 16:48:00.735176', '63', 'г. Навои', 1, '[{\"added\": {}}]', 7, 1),
(78, '2020-07-23 16:48:09.969172', '64', 'Газган', 1, '[{\"added\": {}}]', 7, 1),
(79, '2020-07-23 16:48:16.452173', '65', 'Нуратинский район', 1, '[{\"added\": {}}]', 7, 1),
(80, '2020-07-23 16:48:23.080175', '66', 'Канимехский район', 1, '[{\"added\": {}}]', 7, 1),
(81, '2020-07-23 16:48:30.301172', '67', 'Тамдынский район', 1, '[{\"added\": {}}]', 7, 1),
(82, '2020-07-23 16:48:40.318175', '68', 'Хатырчинский район', 1, '[{\"added\": {}}]', 7, 1),
(83, '2020-07-23 16:48:49.240173', '69', 'Учкудукский район', 1, '[{\"added\": {}}]', 7, 1),
(84, '2020-07-23 16:48:58.363175', '70', 'Карманинский район', 1, '[{\"added\": {}}]', 7, 1),
(85, '2020-07-23 16:49:37.906171', '71', 'г. Наманган', 1, '[{\"added\": {}}]', 7, 1),
(86, '2020-07-23 16:49:45.097171', '72', 'Мингбулакский pайон', 1, '[{\"added\": {}}]', 7, 1),
(87, '2020-07-23 16:49:52.539175', '73', 'Касансайский район', 1, '[{\"added\": {}}]', 7, 1),
(88, '2020-07-23 16:50:00.370177', '74', 'Наманганский район', 1, '[{\"added\": {}}]', 7, 1),
(89, '2020-07-23 16:50:09.347170', '75', 'Папский район', 1, '[{\"added\": {}}]', 7, 1),
(90, '2020-07-23 16:50:17.253172', '76', 'Туракурганский район', 1, '[{\"added\": {}}]', 7, 1),
(91, '2020-07-23 16:50:26.212193', '77', 'Уйчинский район', 1, '[{\"added\": {}}]', 7, 1),
(92, '2020-07-23 16:50:33.896177', '78', 'Чартакский район', 1, '[{\"added\": {}}]', 7, 1),
(93, '2020-07-23 16:50:41.629171', '79', 'Янгикурганский район', 1, '[{\"added\": {}}]', 7, 1),
(94, '2020-07-23 16:50:48.441171', '80', 'Нарынский район', 1, '[{\"added\": {}}]', 7, 1),
(95, '2020-07-23 16:50:55.207172', '81', 'Учкурганский район', 1, '[{\"added\": {}}]', 7, 1),
(96, '2020-07-23 16:51:02.934172', '82', 'Чустский район', 1, '[{\"added\": {}}]', 7, 1),
(97, '2020-07-23 16:51:22.051173', '83', 'г. Самарканд', 1, '[{\"added\": {}}]', 7, 1),
(98, '2020-07-23 16:51:28.561170', '84', 'г. Каттакурган', 1, '[{\"added\": {}}]', 7, 1),
(99, '2020-07-23 16:51:35.696172', '85', 'Акдарьинский район', 1, '[{\"added\": {}}]', 7, 1),
(100, '2020-07-23 16:51:43.263173', '86', 'Булунгурский район', 1, '[{\"added\": {}}]', 7, 1),
(101, '2020-07-23 16:51:50.344173', '87', 'Джамбайский район', 1, '[{\"added\": {}}]', 7, 1),
(102, '2020-07-23 16:51:58.511173', '88', 'Иштыханский район', 1, '[{\"added\": {}}]', 7, 1),
(103, '2020-07-23 16:52:04.976172', '89', 'Каттакурганский район', 1, '[{\"added\": {}}]', 7, 1),
(104, '2020-07-23 16:52:12.978172', '90', 'Кошрабадский район', 1, '[{\"added\": {}}]', 7, 1),
(105, '2020-07-23 16:52:20.415171', '91', 'Нарпайский район', 1, '[{\"added\": {}}]', 7, 1),
(106, '2020-07-23 16:52:27.246171', '92', 'Пайарыкский район', 1, '[{\"added\": {}}]', 7, 1),
(107, '2020-07-23 16:52:35.067171', '93', 'Пастдаргомский район', 1, '[{\"added\": {}}]', 7, 1),
(108, '2020-07-23 16:52:41.931171', '94', 'Пахтачийский район', 1, '[{\"added\": {}}]', 7, 1),
(109, '2020-07-23 16:52:49.048172', '95', 'Самаркандский район', 1, '[{\"added\": {}}]', 7, 1),
(110, '2020-07-23 16:52:57.103172', '96', 'Нурабадский район', 1, '[{\"added\": {}}]', 7, 1),
(111, '2020-07-23 16:53:05.169170', '97', 'Ургутский район', 1, '[{\"added\": {}}]', 7, 1),
(112, '2020-07-23 16:53:13.236170', '98', 'Тайлякский район', 1, '[{\"added\": {}}]', 7, 1),
(113, '2020-07-23 16:53:23.480172', '99', 'г. Термез', 1, '[{\"added\": {}}]', 7, 1),
(114, '2020-07-23 16:53:34.023172', '100', 'Алтынсайский район', 1, '[{\"added\": {}}]', 7, 1),
(115, '2020-07-23 16:53:40.383172', '101', 'Байсунский район', 1, '[{\"added\": {}}]', 7, 1),
(116, '2020-07-23 16:53:47.460172', '102', 'Музрабадский район', 1, '[{\"added\": {}}]', 7, 1),
(117, '2020-07-23 16:53:53.421175', '103', 'Денауский район', 1, '[{\"added\": {}}]', 7, 1),
(118, '2020-07-23 16:54:01.076171', '104', 'Джаркурганский район', 1, '[{\"added\": {}}]', 7, 1),
(119, '2020-07-23 16:54:08.106173', '105', 'Кумкурганский район', 1, '[{\"added\": {}}]', 7, 1),
(120, '2020-07-23 16:54:15.099170', '106', 'Кизирикский район', 1, '[{\"added\": {}}]', 7, 1),
(121, '2020-07-23 16:54:21.897170', '107', 'Сариасийский район', 1, '[{\"added\": {}}]', 7, 1),
(122, '2020-07-23 16:54:28.618171', '108', 'Термезский район', 1, '[{\"added\": {}}]', 7, 1),
(123, '2020-07-23 16:54:36.705173', '109', 'Узунский район', 1, '[{\"added\": {}}]', 7, 1),
(124, '2020-07-23 16:54:43.970170', '110', 'Шурчинский район', 1, '[{\"added\": {}}]', 7, 1),
(125, '2020-07-23 16:54:53.067170', '111', 'Шерабадский район', 1, '[{\"added\": {}}]', 7, 1),
(126, '2020-07-23 16:55:07.283171', '112', 'Ангорский район', 1, '[{\"added\": {}}]', 7, 1),
(127, '2020-07-23 16:58:53.251176', '113', 'г. Гулистан', 1, '[{\"added\": {}}]', 7, 1),
(128, '2020-07-23 16:59:11.497171', '114', 'г. Шиpин', 1, '[{\"added\": {}}]', 7, 1),
(129, '2020-07-23 16:59:32.207175', '115', 'г. Янгиеp', 1, '[{\"added\": {}}]', 7, 1),
(130, '2020-07-23 17:00:22.157171', '116', 'Гулистанский район', 1, '[{\"added\": {}}]', 7, 1),
(131, '2020-07-23 17:00:29.411171', '117', 'Баяутский район', 1, '[{\"added\": {}}]', 7, 1),
(132, '2020-07-23 17:00:37.909176', '118', 'Сайхунабадский район', 1, '[{\"added\": {}}]', 7, 1),
(133, '2020-07-23 17:00:45.717172', '119', 'Сардабинский район', 1, '[{\"added\": {}}]', 7, 1),
(134, '2020-07-23 17:00:55.049176', '120', 'Мирзаабадский район', 1, '[{\"added\": {}}]', 7, 1),
(135, '2020-07-23 17:01:05.003174', '121', 'Хавастский район', 1, '[{\"added\": {}}]', 7, 1),
(136, '2020-07-23 17:01:13.709172', '122', 'Акалтынский район', 1, '[{\"added\": {}}]', 7, 1),
(137, '2020-07-23 17:01:21.049176', '123', 'Сырдарьинский район', 1, '[{\"added\": {}}]', 7, 1),
(138, '2020-07-23 17:01:34.370170', '124', 'Учтепинский район', 1, '[{\"added\": {}}]', 7, 1),
(139, '2020-07-23 17:01:40.927171', '125', 'Чиланзарский район', 1, '[{\"added\": {}}]', 7, 1),
(140, '2020-07-23 17:01:46.765172', '126', 'Мирабадский район', 1, '[{\"added\": {}}]', 7, 1),
(141, '2020-07-23 17:01:54.233173', '127', 'Мирзо-Улугбекский район', 1, '[{\"added\": {}}]', 7, 1),
(142, '2020-07-23 17:02:01.651176', '128', 'Олмазор район', 1, '[{\"added\": {}}]', 7, 1),
(143, '2020-07-23 17:02:08.581174', '129', 'Яшнаабадский район', 1, '[{\"added\": {}}]', 7, 1),
(144, '2020-07-23 17:02:16.194172', '130', 'Сергелийский район', 1, '[{\"added\": {}}]', 7, 1),
(145, '2020-07-23 17:02:23.048171', '131', 'Бектемирский район', 1, '[{\"added\": {}}]', 7, 1),
(146, '2020-07-23 17:02:29.573171', '132', 'Юнусабадский район', 1, '[{\"added\": {}}]', 7, 1),
(147, '2020-07-23 17:02:40.386171', '133', 'г. Алмалык', 1, '[{\"added\": {}}]', 7, 1),
(148, '2020-07-23 17:02:47.814172', '134', 'г. Ангрен', 1, '[{\"added\": {}}]', 7, 1),
(149, '2020-07-23 17:02:57.163174', '135', 'г.Ахангаран', 1, '[{\"added\": {}}]', 7, 1),
(150, '2020-07-23 17:03:05.107174', '136', 'г. Бекабад', 1, '[{\"added\": {}}]', 7, 1),
(151, '2020-07-23 17:03:13.550173', '137', 'г. Чиpчик', 1, '[{\"added\": {}}]', 7, 1),
(152, '2020-07-23 17:03:21.243175', '138', 'г.Янгиюль', 1, '[{\"added\": {}}]', 7, 1),
(153, '2020-07-23 17:03:28.616172', '139', 'Ахангаранский район', 1, '[{\"added\": {}}]', 7, 1),
(154, '2020-07-23 17:03:35.709170', '140', 'Бекабадский район', 1, '[{\"added\": {}}]', 7, 1),
(155, '2020-07-23 17:03:42.479173', '141', 'Аккурганский район', 1, '[{\"added\": {}}]', 7, 1),
(156, '2020-07-23 17:03:49.545171', '142', 'Бостанлыкский район', 1, '[{\"added\": {}}]', 7, 1),
(157, '2020-07-23 17:03:56.706171', '143', 'Букинский район', 1, '[{\"added\": {}}]', 7, 1),
(158, '2020-07-23 17:04:03.788170', '144', 'Юкоричирчикский район', 1, '[{\"added\": {}}]', 7, 1),
(159, '2020-07-23 17:04:11.423171', '145', 'Куйичирчикский район', 1, '[{\"added\": {}}]', 7, 1),
(160, '2020-07-23 17:04:19.628171', '146', 'Зангиатинский район', 1, '[{\"added\": {}}]', 7, 1),
(161, '2020-07-23 17:04:26.568173', '147', 'Кибрайский район', 1, '[{\"added\": {}}]', 7, 1),
(162, '2020-07-23 17:04:34.701172', '148', 'Паркентский район', 1, '[{\"added\": {}}]', 7, 1),
(163, '2020-07-23 17:04:41.506171', '149', 'Пскентский район', 1, '[{\"added\": {}}]', 7, 1),
(164, '2020-07-23 17:04:51.919174', '150', 'Уртачирчикский район', 1, '[{\"added\": {}}]', 7, 1),
(165, '2020-07-23 17:05:02.627171', '151', 'Ташкентский район', 1, '[{\"added\": {}}]', 7, 1),
(166, '2020-07-23 17:05:10.262173', '152', 'Чиназский район', 1, '[{\"added\": {}}]', 7, 1),
(167, '2020-07-23 17:05:16.209170', '153', 'Янгиюльский район', 1, '[{\"added\": {}}]', 7, 1),
(168, '2020-07-23 17:05:45.778170', '154', 'г. Фергана', 1, '[{\"added\": {}}]', 7, 1),
(169, '2020-07-23 17:05:53.674174', '155', 'г. Коканд', 1, '[{\"added\": {}}]', 7, 1),
(170, '2020-07-23 17:06:00.713170', '156', 'г. Кувасай', 1, '[{\"added\": {}}]', 7, 1),
(171, '2020-07-23 17:06:30.351171', '157', 'г. Маpгилан', 1, '[{\"added\": {}}]', 7, 1),
(172, '2020-07-23 17:06:36.098170', '158', 'Алтыарыкский район', 1, '[{\"added\": {}}]', 7, 1),
(173, '2020-07-23 17:06:43.814172', '159', 'Багдадский район', 1, '[{\"added\": {}}]', 7, 1),
(174, '2020-07-23 17:06:49.806174', '160', 'Бувайдинский район', 1, '[{\"added\": {}}]', 7, 1),
(175, '2020-07-23 17:06:56.507170', '161', 'Бешарыкский район', 1, '[{\"added\": {}}]', 7, 1),
(176, '2020-07-23 17:07:02.576172', '162', 'Кувинский район', 1, '[{\"added\": {}}]', 7, 1),
(177, '2020-07-23 17:07:11.708172', '163', 'Учкуприкский район', 1, '[{\"added\": {}}]', 7, 1),
(178, '2020-07-23 17:07:18.511172', '164', 'Риштанский район', 1, '[{\"added\": {}}]', 7, 1),
(179, '2020-07-23 17:07:29.216170', '165', 'Сохский район', 1, '[{\"added\": {}}]', 7, 1),
(180, '2020-07-23 17:08:22.001171', '166', 'Ташлакский район', 1, '[{\"added\": {}}]', 7, 1),
(181, '2020-07-23 17:08:29.019170', '167', 'Узбекистанский район', 1, '[{\"added\": {}}]', 7, 1),
(182, '2020-07-23 17:08:37.554170', '168', 'Ферганский район', 1, '[{\"added\": {}}]', 7, 1),
(183, '2020-07-23 17:08:45.208177', '169', 'Дангаринский район', 1, '[{\"added\": {}}]', 7, 1),
(184, '2020-07-23 17:08:52.159171', '170', 'Фуркатский район', 1, '[{\"added\": {}}]', 7, 1),
(185, '2020-07-23 17:09:01.096170', '171', 'Язъяванский район', 1, '[{\"added\": {}}]', 7, 1),
(186, '2020-07-23 17:09:51.518175', '172', 'г. Ургенч', 1, '[{\"added\": {}}]', 7, 1),
(187, '2020-07-23 17:09:57.718187', '173', 'Багатский район', 1, '[{\"added\": {}}]', 7, 1),
(188, '2020-07-23 17:10:03.180178', '174', 'Гурленский район', 1, '[{\"added\": {}}]', 7, 1),
(189, '2020-07-23 17:10:09.802173', '175', 'Кошкупырский район', 1, '[{\"added\": {}}]', 7, 1),
(190, '2020-07-23 17:10:16.640171', '176', 'Ургенчский район', 1, '[{\"added\": {}}]', 7, 1),
(191, '2020-07-23 17:10:23.588170', '177', 'Хазараспский район', 1, '[{\"added\": {}}]', 7, 1),
(192, '2020-07-23 17:10:30.450174', '178', 'Ханкинский район', 1, '[{\"added\": {}}]', 7, 1),
(193, '2020-07-23 17:10:37.538173', '179', 'Шаватский район', 1, '[{\"added\": {}}]', 7, 1),
(194, '2020-07-23 17:10:44.355170', '180', 'Янгиарыкский район', 1, '[{\"added\": {}}]', 7, 1),
(195, '2020-07-23 17:10:50.895172', '181', 'Янгибазарский район', 1, '[{\"added\": {}}]', 7, 1),
(196, '2020-07-23 17:10:57.547170', '182', 'Хивинский район', 1, '[{\"added\": {}}]', 7, 1),
(197, '2020-07-23 17:11:08.396172', '183', 'г. Нукус', 1, '[{\"added\": {}}]', 7, 1),
(198, '2020-07-23 17:11:14.612179', '184', 'Амударьинский район', 1, '[{\"added\": {}}]', 7, 1),
(199, '2020-07-23 17:11:20.285173', '185', 'Берунийский район', 1, '[{\"added\": {}}]', 7, 1),
(200, '2020-07-23 17:11:30.320170', '186', 'Бозатауский район', 1, '[{\"added\": {}}]', 7, 1),
(201, '2020-07-23 17:11:39.680174', '187', 'Караузякский район', 1, '[{\"added\": {}}]', 7, 1),
(202, '2020-07-23 17:11:46.172171', '188', 'Кегейлийский район', 1, '[{\"added\": {}}]', 7, 1),
(203, '2020-07-23 17:11:51.889171', '189', 'Кунградский район', 1, '[{\"added\": {}}]', 7, 1),
(204, '2020-07-23 17:11:59.040171', '190', 'Канлыкульский район', 1, '[{\"added\": {}}]', 7, 1),
(205, '2020-07-23 17:12:05.809176', '191', 'Муйнакский район', 1, '[{\"added\": {}}]', 7, 1),
(206, '2020-07-23 17:12:14.106171', '192', 'Тахтакупырский район', 1, '[{\"added\": {}}]', 7, 1),
(207, '2020-07-23 17:12:19.666172', '193', 'Турткульский район', 1, '[{\"added\": {}}]', 7, 1),
(208, '2020-07-23 17:12:26.686173', '194', 'Ходжейлийский район', 1, '[{\"added\": {}}]', 7, 1),
(209, '2020-07-23 17:12:32.660175', '195', 'Чимбайский район', 1, '[{\"added\": {}}]', 7, 1),
(210, '2020-07-23 17:12:39.712170', '196', 'Шуманайский район', 1, '[{\"added\": {}}]', 7, 1),
(211, '2020-07-23 17:12:45.594174', '197', 'Элликкалинский район', 1, '[{\"added\": {}}]', 7, 1),
(212, '2020-07-23 17:12:57.664171', '198', 'Нукусский район', 1, '[{\"added\": {}}]', 7, 1),
(213, '2020-07-23 17:13:04.802170', '199', 'Куштепинский район', 1, '[{\"added\": {}}]', 7, 1),
(214, '2020-07-23 17:13:16.566171', '200', 'г.Нурафшан', 1, '[{\"added\": {}}]', 7, 1),
(215, '2020-07-23 17:13:30.062173', '201', 'город Шахрисабз', 1, '[{\"added\": {}}]', 7, 1),
(216, '2020-07-23 17:13:38.354171', '202', 'город Хива', 1, '[{\"added\": {}}]', 7, 1),
(217, '2020-07-23 17:13:46.174171', '203', 'Тахиаташский район', 1, '[{\"added\": {}}]', 7, 1),
(218, '2020-07-23 17:18:48.350695', '1', 'Новая', 1, '[{\"added\": {}}]', 9, 1),
(219, '2020-07-23 17:18:56.832696', '2', 'На рассмотрении', 1, '[{\"added\": {}}]', 9, 1),
(220, '2020-07-23 17:19:02.377697', '3', 'Рассмотрена', 1, '[{\"added\": {}}]', 9, 1);

-- --------------------------------------------------------

--
-- Структура таблицы `django_content_type`
--

CREATE TABLE `django_content_type` (
  `id` int(11) NOT NULL,
  `app_label` varchar(100) NOT NULL,
  `model` varchar(100) NOT NULL
) ENGINE=InnoDB DEFAULT CHARSET=utf8;

--
-- Дамп данных таблицы `django_content_type`
--

INSERT INTO `django_content_type` (`id`, `app_label`, `model`) VALUES
(1, 'admin', 'logentry'),
(3, 'auth', 'group'),
(2, 'auth', 'permission'),
(4, 'auth', 'user'),
(5, 'contenttypes', 'contenttype'),
(6, 'sessions', 'session'),
(7, 'worksheet_app', 'district'),
(8, 'worksheet_app', 'region'),
(9, 'worksheet_app', 'status'),
(10, 'worksheet_app', 'worksheet');

-- --------------------------------------------------------

--
-- Структура таблицы `django_migrations`
--

CREATE TABLE `django_migrations` (
  `id` int(11) NOT NULL,
  `app` varchar(255) NOT NULL,
  `name` varchar(255) NOT NULL,
  `applied` datetime(6) NOT NULL
) ENGINE=InnoDB DEFAULT CHARSET=utf8;

--
-- Дамп данных таблицы `django_migrations`
--

INSERT INTO `django_migrations` (`id`, `app`, `name`, `applied`) VALUES
(1, 'contenttypes', '0001_initial', '2020-07-23 14:49:39.479141'),
(2, 'auth', '0001_initial', '2020-07-23 14:49:39.883139'),
(3, 'admin', '0001_initial', '2020-07-23 14:49:40.749139'),
(4, 'admin', '0002_logentry_remove_auto_add', '2020-07-23 14:49:41.009138'),
(5, 'admin', '0003_logentry_add_action_flag_choices', '2020-07-23 14:49:41.031139'),
(6, 'contenttypes', '0002_remove_content_type_name', '2020-07-23 14:49:41.253138'),
(7, 'auth', '0002_alter_permission_name_max_length', '2020-07-23 14:49:41.322139'),
(8, 'auth', '0003_alter_user_email_max_length', '2020-07-23 14:49:41.443146'),
(9, 'auth', '0004_alter_user_username_opts', '2020-07-23 14:49:41.470137'),
(10, 'auth', '0005_alter_user_last_login_null', '2020-07-23 14:49:41.584139'),
(11, 'auth', '0006_require_contenttypes_0002', '2020-07-23 14:49:41.590141'),
(12, 'auth', '0007_alter_validators_add_error_messages', '2020-07-23 14:49:41.622137'),
(13, 'auth', '0008_alter_user_username_max_length', '2020-07-23 14:49:41.757138'),
(14, 'auth', '0009_alter_user_last_name_max_length', '2020-07-23 14:49:41.841140'),
(15, 'auth', '0010_alter_group_name_max_length', '2020-07-23 14:49:41.991138'),
(16, 'auth', '0011_update_proxy_permissions', '2020-07-23 14:49:42.021139'),
(17, 'sessions', '0001_initial', '2020-07-23 14:49:42.101138'),
(18, 'worksheet_app', '0001_initial', '2020-07-23 14:49:42.446137'),
(19, 'worksheet_app', '0002_district_region', '2020-07-23 15:01:38.216140'),
(20, 'worksheet_app', '0003_auto_20200723_2226', '2020-07-23 17:26:35.641698');

-- --------------------------------------------------------

--
-- Структура таблицы `django_session`
--

CREATE TABLE `django_session` (
  `session_key` varchar(40) NOT NULL,
  `session_data` longtext NOT NULL,
  `expire_date` datetime(6) NOT NULL
) ENGINE=InnoDB DEFAULT CHARSET=utf8;

--
-- Дамп данных таблицы `django_session`
--

INSERT INTO `django_session` (`session_key`, `session_data`, `expire_date`) VALUES
('y9xvwb1opavl1ny6yb3qlu406y96h7bc', 'ZTc3NGFhN2ZmNTRlMGY1YjZiMTVkZjY2NWM0NzgxZDUwY2JmMzU0OTp7Il9hdXRoX3VzZXJfaWQiOiIxIiwiX2F1dGhfdXNlcl9iYWNrZW5kIjoiZGphbmdvLmNvbnRyaWIuYXV0aC5iYWNrZW5kcy5Nb2RlbEJhY2tlbmQiLCJfYXV0aF91c2VyX2hhc2giOiJlZjJhNDM1ODVhMjM2YmMyYmM0MzI2NDIwZWI5NmNlOWE1YWZjMzhiIn0=', '2020-08-06 14:55:50.634139');

-- --------------------------------------------------------

--
-- Структура таблицы `worksheet_app_district`
--

CREATE TABLE `worksheet_app_district` (
  `id` int(11) NOT NULL,
  `name` varchar(100) NOT NULL,
  `soato` int(11) NOT NULL,
  `region_id` int(11) DEFAULT NULL
) ENGINE=InnoDB DEFAULT CHARSET=utf8;

--
-- Дамп данных таблицы `worksheet_app_district`
--

INSERT INTO `worksheet_app_district` (`id`, `name`, `soato`, `region_id`) VALUES
(1, 'Шайхантахурский район', 1726277, 10),
(2, 'Яккасарайский район', 1726287, 10),
(3, 'г. Ханабад', 1703408, 1),
(4, 'г. Андижан', 1703401, 1),
(5, 'Андижанский район', 1703203, 1),
(6, 'Бозский район', 1703209, 1),
(7, 'Балыкчинский район', 1703206, 1),
(8, 'Бустонский район', 1703209, 1),
(9, 'Булакбашинский район', 1703210, 1),
(10, 'Джалалкудукский район', 1703211, 1),
(11, 'Избасканский район', 1703214, 1),
(12, 'Улугноpский район', 1703217, 1),
(13, 'Кургантепинский район', 1703220, 1),
(14, 'Асакинский район', 1703224, 1),
(15, 'Мархаматский район', 1703227, 1),
(16, 'Алтынкульский район', 1703202, 1),
(17, 'Шахриханский район', 1703230, 1),
(18, 'Пахтаабадский район', 1703232, 1),
(19, 'Ходжаабадский район', 1703236, 1),
(20, 'г. Бухара', 1706401, 2),
(21, 'г. Каган', 1706403, 2),
(22, 'Алатский район', 1706204, 2),
(23, 'Бухарский район', 1706207, 2),
(24, 'Вабкентский район', 1706212, 2),
(25, 'Гиждуванский район', 1706215, 2),
(26, 'Каганский район', 1706219, 2),
(27, 'Каракульский район', 1706230, 2),
(28, 'Караулбазарский район', 1706232, 2),
(29, 'Пешкунский район', 1706240, 2),
(30, 'Ромитанский район', 1706242, 2),
(31, 'Жондоpский район', 1706246, 2),
(32, 'Шафирканский район', 1706258, 2),
(33, 'г. Джизак', 1708401, 3),
(34, 'Арнасайский район', 1708201, 3),
(35, 'Бахмальский район', 1708204, 3),
(36, 'Галляаральский район', 1708209, 3),
(37, 'Шароф Рашидовский район', 1708212, 3),
(38, 'Дустликский район', 1708215, 3),
(39, 'Зааминский район', 1708218, 3),
(40, 'Зарбдарский район', 1708220, 3),
(41, 'Зафарабадский район', 1708225, 3),
(42, 'Мирзачульский район', 1708223, 3),
(43, 'Пахтакорский район', 1708228, 3),
(44, 'Фаришский район', 1708235, 3),
(45, 'Янгиободский район', 1708237, 3),
(46, 'г. Карши', 1710401, 4),
(47, 'Каршинский район', 1710224, 4),
(48, 'Миришкорский район', 1710233, 4),
(49, 'Гузарский район', 1710207, 4),
(50, 'Дехканабадский район', 1710212, 4),
(51, 'Камашинский район', 1710220, 4),
(52, 'Касанский район', 1710229, 4),
(53, 'Китабский район', 1710232, 4),
(54, 'Мубарекский район', 1710234, 4),
(55, 'Нишанский район', 1710235, 4),
(56, 'Касбинский район', 1710237, 4),
(57, 'Чиракчинский район', 1710242, 4),
(58, 'Шахрисабзский район', 1710245, 4),
(59, 'Яккабагский район', 1710250, 4),
(60, 'г. Заpафшан', 1712408, 5),
(61, 'Кызылтепинский район', 1712216, 5),
(62, 'Навбахорский район', 1712230, 5),
(63, 'г. Навои', 1712401, 5),
(64, 'Газган', 1712412, 5),
(65, 'Нуратинский район', 1712238, 5),
(66, 'Канимехский район', 1712211, 5),
(67, 'Тамдынский район', 1712244, 5),
(68, 'Хатырчинский район', 1712251, 5),
(69, 'Учкудукский район', 1712248, 5),
(70, 'Карманинский район', 1712234, 5),
(71, 'г. Наманган', 1714401, 6),
(72, 'Мингбулакский pайон', 1714204, 6),
(73, 'Касансайский район', 1714207, 6),
(74, 'Наманганский район', 1714212, 6),
(75, 'Папский район', 1714219, 6),
(76, 'Туракурганский район', 1714224, 6),
(77, 'Уйчинский район', 1714229, 6),
(78, 'Чартакский район', 1714236, 6),
(79, 'Янгикурганский район', 1714242, 6),
(80, 'Нарынский район', 1714216, 6),
(81, 'Учкурганский район', 1714234, 6),
(82, 'Чустский район', 1714237, 6),
(83, 'г. Самарканд', 1718401, 7),
(84, 'г. Каттакурган', 1718406, 7),
(85, 'Акдарьинский район', 1718203, 7),
(86, 'Булунгурский район', 1718206, 7),
(87, 'Джамбайский район', 1718209, 7),
(88, 'Иштыханский район', 1718212, 7),
(89, 'Каттакурганский район', 1718215, 7),
(90, 'Кошрабадский район', 1718216, 7),
(91, 'Нарпайский район', 1718218, 7),
(92, 'Пайарыкский район', 1718224, 7),
(93, 'Пастдаргомский район', 1718227, 7),
(94, 'Пахтачийский район', 1718230, 7),
(95, 'Самаркандский район', 1718233, 7),
(96, 'Нурабадский район', 1718235, 7),
(97, 'Ургутский район', 1718236, 7),
(98, 'Тайлякский район', 1718238, 7),
(99, 'г. Термез', 1722401, 8),
(100, 'Алтынсайский район', 1722201, 8),
(101, 'Байсунский район', 1722204, 8),
(102, 'Музрабадский район', 1722207, 8),
(103, 'Денауский район', 1722210, 8),
(104, 'Джаркурганский район', 1722212, 8),
(105, 'Кумкурганский район', 1722214, 8),
(106, 'Кизирикский район', 1722215, 8),
(107, 'Сариасийский район', 1722217, 8),
(108, 'Термезский район', 1722220, 8),
(109, 'Узунский район', 1722221, 8),
(110, 'Шурчинский район', 1722226, 8),
(111, 'Шерабадский район', 1722223, 8),
(112, 'Ангорский район', 1722202, 8),
(113, 'г. Гулистан', 1724401, 9),
(114, 'г. Шиpин', 1724410, 9),
(115, 'г. Янгиеp', 1724413, 9),
(116, 'Гулистанский район', 1724220, 9),
(117, 'Баяутский район', 1724212, 9),
(118, 'Сайхунабадский район', 1724216, 9),
(119, 'Сардабинский район', 1724226, 9),
(120, 'Мирзаабадский район', 1724228, 9),
(121, 'Хавастский район', 1724235, 9),
(122, 'Акалтынский район', 1724206, 9),
(123, 'Сырдарьинский район', 1724231, 9),
(124, 'Учтепинский район', 1726262, 10),
(125, 'Чиланзарский район', 1726294, 10),
(126, 'Мирабадский район', 1726273, 10),
(127, 'Мирзо-Улугбекский район', 1726269, 10),
(128, 'Олмазор район', 1726280, 10),
(129, 'Яшнаабадский район', 1726290, 10),
(130, 'Сергелийский район', 1726283, 10),
(131, 'Бектемирский район', 1726264, 10),
(132, 'Юнусабадский район', 1726266, 10),
(133, 'г. Алмалык', 1727404, 11),
(134, 'г. Ангрен', 1727407, 11),
(135, 'г.Ахангаран', 1727415, 11),
(136, 'г. Бекабад', 1727413, 11),
(137, 'г. Чиpчик', 1727419, 11),
(138, 'г.Янгиюль', 1727424, 11),
(139, 'Ахангаранский район', 1727212, 11),
(140, 'Бекабадский район', 1727220, 11),
(141, 'Аккурганский район', 1727206, 11),
(142, 'Бостанлыкский район', 1727224, 11),
(143, 'Букинский район', 1727228, 11),
(144, 'Юкоричирчикский район', 1727239, 11),
(145, 'Куйичирчикский район', 1727233, 11),
(146, 'Зангиатинский район', 1727237, 11),
(147, 'Кибрайский район', 1727248, 11),
(148, 'Паркентский район', 1727249, 11),
(149, 'Пскентский район', 1727250, 11),
(150, 'Уртачирчикский район', 1727253, 11),
(151, 'Ташкентский район', 1727265, 11),
(152, 'Чиназский район', 1727256, 11),
(153, 'Янгиюльский район', 1727259, 11),
(154, 'г. Фергана', 1730401, 12),
(155, 'г. Коканд', 1730405, 12),
(156, 'г. Кувасай', 1730408, 12),
(157, 'г. Маpгилан', 1730412, 12),
(158, 'Алтыарыкский район', 1730203, 12),
(159, 'Багдадский район', 1730209, 12),
(160, 'Бувайдинский район', 1730212, 12),
(161, 'Бешарыкский район', 1730215, 12),
(162, 'Кувинский район', 1730218, 12),
(163, 'Учкуприкский район', 1730221, 12),
(164, 'Риштанский район', 1730224, 12),
(165, 'Сохский район', 1730226, 12),
(166, 'Ташлакский район', 1730227, 12),
(167, 'Узбекистанский район', 1730230, 12),
(168, 'Ферганский район', 1730233, 12),
(169, 'Дангаринский район', 1730236, 12),
(170, 'Фуркатский район', 1730238, 12),
(171, 'Язъяванский район', 1730242, 12),
(172, 'г. Ургенч', 1733401, 13),
(173, 'Багатский район', 1733204, 13),
(174, 'Гурленский район', 1733208, 13),
(175, 'Кошкупырский район', 1733212, 13),
(176, 'Ургенчский район', 1733217, 13),
(177, 'Хазараспский район', 1733220, 13),
(178, 'Ханкинский район', 1733223, 13),
(179, 'Шаватский район', 1733230, 13),
(180, 'Янгиарыкский район', 1733233, 13),
(181, 'Янгибазарский район', 1733236, 13),
(182, 'Хивинский район', 1733226, 13),
(183, 'г. Нукус', 1735401, 14),
(184, 'Амударьинский район', 1735204, 14),
(185, 'Берунийский район', 1735207, 14),
(186, 'Бозатауский район', 1735209, 14),
(187, 'Караузякский район', 1735211, 14),
(188, 'Кегейлийский район', 1735212, 14),
(189, 'Кунградский район', 1735215, 14),
(190, 'Канлыкульский район', 1735218, 14),
(191, 'Муйнакский район', 1735222, 14),
(192, 'Тахтакупырский район', 1735230, 14),
(193, 'Турткульский район', 1735233, 14),
(194, 'Ходжейлийский район', 1735236, 14),
(195, 'Чимбайский район', 1735240, 14),
(196, 'Шуманайский район', 1735243, 14),
(197, 'Элликкалинский район', 1735250, 14),
(198, 'Нукусский район', 1735225, 14),
(199, 'Куштепинский район', 1730206, 12),
(200, 'г.Нурафшан', 1727401, 11),
(201, 'город Шахрисабз', 1710405, 4),
(202, 'город Хива', 1733406, 13),
(203, 'Тахиаташский район', 1735228, 14);

-- --------------------------------------------------------

--
-- Структура таблицы `worksheet_app_region`
--

CREATE TABLE `worksheet_app_region` (
  `id` int(11) NOT NULL,
  `name` varchar(100) NOT NULL,
  `soato` int(11) NOT NULL
) ENGINE=InnoDB DEFAULT CHARSET=utf8;

--
-- Дамп данных таблицы `worksheet_app_region`
--

INSERT INTO `worksheet_app_region` (`id`, `name`, `soato`) VALUES
(1, 'Андижон вилояти', 1703),
(2, 'Бухоро вилояти', 1706),
(3, 'Жиззах вилояти', 1708),
(4, 'Қашқадарё вилояти', 1710),
(5, 'Навоий вилояти', 1712),
(6, 'Наманган вилояти', 1714),
(7, 'Самарқанд вилояти', 1718),
(8, 'Сурхондарё вилояти', 1722),
(9, 'Сирдарё вилояти', 1724),
(10, 'Тошкент шаҳри', 1726),
(11, 'Тошкент вилояти', 1727),
(12, 'Фарғона вилояти', 1730),
(13, 'Хоразм вилояти', 1733),
(14, 'Қорақалпоғистон Республикаси', 1735);

-- --------------------------------------------------------

--
-- Структура таблицы `worksheet_app_status`
--

CREATE TABLE `worksheet_app_status` (
  `id` int(11) NOT NULL,
  `name` varchar(100) NOT NULL
) ENGINE=InnoDB DEFAULT CHARSET=utf8;

--
-- Дамп данных таблицы `worksheet_app_status`
--

INSERT INTO `worksheet_app_status` (`id`, `name`) VALUES
(1, 'Новая'),
(2, 'На рассмотрении'),
(3, 'Рассмотрена');

-- --------------------------------------------------------

--
-- Структура таблицы `worksheet_app_worksheet`
--

CREATE TABLE `worksheet_app_worksheet` (
  `id` int(11) NOT NULL,
  `first_name` varchar(100) NOT NULL,
  `last_name` varchar(100) NOT NULL,
  `birth_date` varchar(4) NOT NULL,
  `first_phone` varchar(13) NOT NULL,
  `second_phone` varchar(13) NOT NULL,
  `shifokor` varchar(50) NOT NULL,
  `hamshira` varchar(50) NOT NULL,
  `pub_date` datetime(6) NOT NULL,
  `update_date` datetime(6) NOT NULL,
  `slug` varchar(100) DEFAULT NULL,
  `creating_user_id` int(11) NOT NULL,
  `district_id` int(11) DEFAULT NULL,
  `region_id` int(11) DEFAULT NULL,
  `status_id` int(11) NOT NULL,
  `consider_user_id` int(11) DEFAULT NULL,
  `processed_user_id` int(11) DEFAULT NULL
) ENGINE=InnoDB DEFAULT CHARSET=utf8;

--
-- Индексы сохранённых таблиц
--

--
-- Индексы таблицы `auth_group`
--
ALTER TABLE `auth_group`
  ADD PRIMARY KEY (`id`),
  ADD UNIQUE KEY `name` (`name`);

--
-- Индексы таблицы `auth_group_permissions`
--
ALTER TABLE `auth_group_permissions`
  ADD PRIMARY KEY (`id`),
  ADD UNIQUE KEY `auth_group_permissions_group_id_permission_id_0cd325b0_uniq` (`group_id`,`permission_id`),
  ADD KEY `auth_group_permissio_permission_id_84c5c92e_fk_auth_perm` (`permission_id`);

--
-- Индексы таблицы `auth_permission`
--
ALTER TABLE `auth_permission`
  ADD PRIMARY KEY (`id`),
  ADD UNIQUE KEY `auth_permission_content_type_id_codename_01ab375a_uniq` (`content_type_id`,`codename`);

--
-- Индексы таблицы `auth_user`
--
ALTER TABLE `auth_user`
  ADD PRIMARY KEY (`id`),
  ADD UNIQUE KEY `username` (`username`);

--
-- Индексы таблицы `auth_user_groups`
--
ALTER TABLE `auth_user_groups`
  ADD PRIMARY KEY (`id`),
  ADD UNIQUE KEY `auth_user_groups_user_id_group_id_94350c0c_uniq` (`user_id`,`group_id`),
  ADD KEY `auth_user_groups_group_id_97559544_fk_auth_group_id` (`group_id`);

--
-- Индексы таблицы `auth_user_user_permissions`
--
ALTER TABLE `auth_user_user_permissions`
  ADD PRIMARY KEY (`id`),
  ADD UNIQUE KEY `auth_user_user_permissions_user_id_permission_id_14a6b632_uniq` (`user_id`,`permission_id`),
  ADD KEY `auth_user_user_permi_permission_id_1fbb5f2c_fk_auth_perm` (`permission_id`);

--
-- Индексы таблицы `django_admin_log`
--
ALTER TABLE `django_admin_log`
  ADD PRIMARY KEY (`id`),
  ADD KEY `django_admin_log_content_type_id_c4bce8eb_fk_django_co` (`content_type_id`),
  ADD KEY `django_admin_log_user_id_c564eba6_fk_auth_user_id` (`user_id`);

--
-- Индексы таблицы `django_content_type`
--
ALTER TABLE `django_content_type`
  ADD PRIMARY KEY (`id`),
  ADD UNIQUE KEY `django_content_type_app_label_model_76bd3d3b_uniq` (`app_label`,`model`);

--
-- Индексы таблицы `django_migrations`
--
ALTER TABLE `django_migrations`
  ADD PRIMARY KEY (`id`);

--
-- Индексы таблицы `django_session`
--
ALTER TABLE `django_session`
  ADD PRIMARY KEY (`session_key`),
  ADD KEY `django_session_expire_date_a5c62663` (`expire_date`);

--
-- Индексы таблицы `worksheet_app_district`
--
ALTER TABLE `worksheet_app_district`
  ADD PRIMARY KEY (`id`),
  ADD KEY `worksheet_app_distri_region_id_2a77d9be_fk_worksheet` (`region_id`);

--
-- Индексы таблицы `worksheet_app_region`
--
ALTER TABLE `worksheet_app_region`
  ADD PRIMARY KEY (`id`);

--
-- Индексы таблицы `worksheet_app_status`
--
ALTER TABLE `worksheet_app_status`
  ADD PRIMARY KEY (`id`);

--
-- Индексы таблицы `worksheet_app_worksheet`
--
ALTER TABLE `worksheet_app_worksheet`
  ADD PRIMARY KEY (`id`),
  ADD UNIQUE KEY `slug` (`slug`),
  ADD KEY `worksheet_app_worksh_district_id_b7a530db_fk_worksheet` (`district_id`),
  ADD KEY `worksheet_app_worksh_region_id_b864a28a_fk_worksheet` (`region_id`),
  ADD KEY `worksheet_app_worksh_status_id_f2bc45d7_fk_worksheet` (`status_id`),
  ADD KEY `worksheet_app_worksh_consider_user_id_93c1b817_fk_auth_user` (`consider_user_id`),
  ADD KEY `worksheet_app_worksh_processed_user_id_700ea8f0_fk_auth_user` (`processed_user_id`),
  ADD KEY `worksheet_app_worksh_creating_user_id_784f0108_fk_auth_user` (`creating_user_id`);

--
-- AUTO_INCREMENT для сохранённых таблиц
--

--
-- AUTO_INCREMENT для таблицы `auth_group`
--
ALTER TABLE `auth_group`
  MODIFY `id` int(11) NOT NULL AUTO_INCREMENT;

--
-- AUTO_INCREMENT для таблицы `auth_group_permissions`
--
ALTER TABLE `auth_group_permissions`
  MODIFY `id` int(11) NOT NULL AUTO_INCREMENT;

--
-- AUTO_INCREMENT для таблицы `auth_permission`
--
ALTER TABLE `auth_permission`
  MODIFY `id` int(11) NOT NULL AUTO_INCREMENT, AUTO_INCREMENT=41;

--
-- AUTO_INCREMENT для таблицы `auth_user`
--
ALTER TABLE `auth_user`
  MODIFY `id` int(11) NOT NULL AUTO_INCREMENT, AUTO_INCREMENT=2;

--
-- AUTO_INCREMENT для таблицы `auth_user_groups`
--
ALTER TABLE `auth_user_groups`
  MODIFY `id` int(11) NOT NULL AUTO_INCREMENT;

--
-- AUTO_INCREMENT для таблицы `auth_user_user_permissions`
--
ALTER TABLE `auth_user_user_permissions`
  MODIFY `id` int(11) NOT NULL AUTO_INCREMENT;

--
-- AUTO_INCREMENT для таблицы `django_admin_log`
--
ALTER TABLE `django_admin_log`
  MODIFY `id` int(11) NOT NULL AUTO_INCREMENT, AUTO_INCREMENT=221;

--
-- AUTO_INCREMENT для таблицы `django_content_type`
--
ALTER TABLE `django_content_type`
  MODIFY `id` int(11) NOT NULL AUTO_INCREMENT, AUTO_INCREMENT=11;

--
-- AUTO_INCREMENT для таблицы `django_migrations`
--
ALTER TABLE `django_migrations`
  MODIFY `id` int(11) NOT NULL AUTO_INCREMENT, AUTO_INCREMENT=21;

--
-- AUTO_INCREMENT для таблицы `worksheet_app_district`
--
ALTER TABLE `worksheet_app_district`
  MODIFY `id` int(11) NOT NULL AUTO_INCREMENT, AUTO_INCREMENT=204;

--
-- AUTO_INCREMENT для таблицы `worksheet_app_region`
--
ALTER TABLE `worksheet_app_region`
  MODIFY `id` int(11) NOT NULL AUTO_INCREMENT, AUTO_INCREMENT=15;

--
-- AUTO_INCREMENT для таблицы `worksheet_app_status`
--
ALTER TABLE `worksheet_app_status`
  MODIFY `id` int(11) NOT NULL AUTO_INCREMENT, AUTO_INCREMENT=4;

--
-- AUTO_INCREMENT для таблицы `worksheet_app_worksheet`
--
ALTER TABLE `worksheet_app_worksheet`
  MODIFY `id` int(11) NOT NULL AUTO_INCREMENT, AUTO_INCREMENT=2;

--
-- Ограничения внешнего ключа сохраненных таблиц
--

--
-- Ограничения внешнего ключа таблицы `auth_group_permissions`
--
ALTER TABLE `auth_group_permissions`
  ADD CONSTRAINT `auth_group_permissio_permission_id_84c5c92e_fk_auth_perm` FOREIGN KEY (`permission_id`) REFERENCES `auth_permission` (`id`),
  ADD CONSTRAINT `auth_group_permissions_group_id_b120cbf9_fk_auth_group_id` FOREIGN KEY (`group_id`) REFERENCES `auth_group` (`id`);

--
-- Ограничения внешнего ключа таблицы `auth_permission`
--
ALTER TABLE `auth_permission`
  ADD CONSTRAINT `auth_permission_content_type_id_2f476e4b_fk_django_co` FOREIGN KEY (`content_type_id`) REFERENCES `django_content_type` (`id`);

--
-- Ограничения внешнего ключа таблицы `auth_user_groups`
--
ALTER TABLE `auth_user_groups`
  ADD CONSTRAINT `auth_user_groups_group_id_97559544_fk_auth_group_id` FOREIGN KEY (`group_id`) REFERENCES `auth_group` (`id`),
  ADD CONSTRAINT `auth_user_groups_user_id_6a12ed8b_fk_auth_user_id` FOREIGN KEY (`user_id`) REFERENCES `auth_user` (`id`);

--
-- Ограничения внешнего ключа таблицы `auth_user_user_permissions`
--
ALTER TABLE `auth_user_user_permissions`
  ADD CONSTRAINT `auth_user_user_permi_permission_id_1fbb5f2c_fk_auth_perm` FOREIGN KEY (`permission_id`) REFERENCES `auth_permission` (`id`),
  ADD CONSTRAINT `auth_user_user_permissions_user_id_a95ead1b_fk_auth_user_id` FOREIGN KEY (`user_id`) REFERENCES `auth_user` (`id`);

--
-- Ограничения внешнего ключа таблицы `django_admin_log`
--
ALTER TABLE `django_admin_log`
  ADD CONSTRAINT `django_admin_log_content_type_id_c4bce8eb_fk_django_co` FOREIGN KEY (`content_type_id`) REFERENCES `django_content_type` (`id`),
  ADD CONSTRAINT `django_admin_log_user_id_c564eba6_fk_auth_user_id` FOREIGN KEY (`user_id`) REFERENCES `auth_user` (`id`);

--
-- Ограничения внешнего ключа таблицы `worksheet_app_district`
--
ALTER TABLE `worksheet_app_district`
  ADD CONSTRAINT `worksheet_app_distri_region_id_2a77d9be_fk_worksheet` FOREIGN KEY (`region_id`) REFERENCES `worksheet_app_region` (`id`);

--
-- Ограничения внешнего ключа таблицы `worksheet_app_worksheet`
--
ALTER TABLE `worksheet_app_worksheet`
  ADD CONSTRAINT `worksheet_app_worksh_consider_user_id_93c1b817_fk_auth_user` FOREIGN KEY (`consider_user_id`) REFERENCES `auth_user` (`id`),
  ADD CONSTRAINT `worksheet_app_worksh_creating_user_id_784f0108_fk_auth_user` FOREIGN KEY (`creating_user_id`) REFERENCES `auth_user` (`id`),
  ADD CONSTRAINT `worksheet_app_worksh_district_id_b7a530db_fk_worksheet` FOREIGN KEY (`district_id`) REFERENCES `worksheet_app_district` (`id`),
  ADD CONSTRAINT `worksheet_app_worksh_processed_user_id_700ea8f0_fk_auth_user` FOREIGN KEY (`processed_user_id`) REFERENCES `auth_user` (`id`),
  ADD CONSTRAINT `worksheet_app_worksh_region_id_b864a28a_fk_worksheet` FOREIGN KEY (`region_id`) REFERENCES `worksheet_app_region` (`id`),
  ADD CONSTRAINT `worksheet_app_worksh_status_id_f2bc45d7_fk_worksheet` FOREIGN KEY (`status_id`) REFERENCES `worksheet_app_status` (`id`);
COMMIT;

/*!40101 SET CHARACTER_SET_CLIENT=@OLD_CHARACTER_SET_CLIENT */;
/*!40101 SET CHARACTER_SET_RESULTS=@OLD_CHARACTER_SET_RESULTS */;
/*!40101 SET COLLATION_CONNECTION=@OLD_COLLATION_CONNECTION */;
